user_account,user_password,profile,username,phone
user0001,password0001,享受编程,CodeGuru,13800000001
user0002,password0002,音乐爱好者,MusicFan,13800000002
user0003,password0003,电影发烧友,CinemaBuff,13800000003
user0004,password0004,美食探索家,Foodie,13800000004
user0005,password0005,户外运动狂,OutdoorAdventurer,13800000005
user0006,password0006,摄影达人,PhotoPro,13800000006
user0007,password0007,科技追随者,TechGeek,13800000007
user0008,password0008,艺术追求者,ArtLover,13800000008
user0009,password0009,健身达人,FitnessFan,13800000009
user0010,password0010,旅行爱好者,TravelBuddy,13800000010
user0011,password0011,读书人,BookWorm,13800000011
user0012,password0012,游戏高手,Gamer,13800000012
user0013,password0013,时尚达人,Fashionista,13800000013
user0014,password0014,自然爱好者,NatureLover,13800000014
user0015,password0015,历史迷,HistoryBuff,13800000015
user0016,password0016,文学爱好者,LiteratureFan,13800000016
user0017,password0017,科学探索者,ScienceExplorer,13800000017
user0018,password0018,动漫粉丝,AnimeFan,13800000018
user0019,password0019,手工艺人,Craftsman,13800000019
user0020,password0020,园艺爱好者,Gardener,13800000020
user0021,password0021,阅读爱好者,Reader,13800000021
user0022,password0022,旅游达人,Traveler,13800000022
user0023,password0023,烹饪大师,Chef,13800000023
user0024,password0024,舞蹈爱好者,Dancer,13800000024
user0025,password0025,瑜伽练习者,Yogi,13800000025
user0026,password0026,宠物爱好者,PetLover,13800000026
user0027,password0027,天文爱好者,Astronomer,13800000027
user0028,password0028,环保倡导者,EcoWarrior,13800000028
user0029,password0029,书法爱好者,Calligrapher,13800000029
user0030,password0030,茶艺师,TeaMaster,13800000030
user0031,password0031,享受编程,CodeGuru,13800000031
user0032,password0032,音乐爱好者,MusicFan,13800000032
user0033,password0033,电影发烧友,CinemaBuff,13800000033
user0034,password0034,美食探索家,Foodie,13800000034
user0035,password0035,户外运动狂,OutdoorAdventurer,13800000035
user0036,password0036,摄影达人,PhotoPro,13800000036
user0037,password0037,科技追随者,TechGeek,13800000037
user0038,password0038,艺术追求者,ArtLover,13800000038
user0039,password0039,健身达人,FitnessFan,13800000039
user0040,password0040,旅行爱好者,TravelBuddy,13800000040
user0041,password0041,读书人,BookWorm,13800000041
user0042,password0042,游戏高手,Gamer,13800000042
user0043,password0043,时尚达人,Fashionista,13800000043
user0044,password0044,自然爱好者,NatureLover,13800000044
user0045,password0045,历史迷,HistoryBuff,13800000045
user0046,password0046,文学爱好者,LiteratureFan,13800000046
user0047,password0047,科学探索者,ScienceExplorer,13800000047
user0048,password0048,动漫粉丝,AnimeFan,13800000048
user0049,password0049,手工艺人,Craftsman,13800000049
user0050,password0050,园艺爱好者,Gardener,13800000050
user0051,password0051,阅读爱好者,Reader,13800000051
user0052,password0052,旅游达人,Traveler,13800000052
user0053,password0053,烹饪大师,Chef,13800000053
user0054,password0054,舞蹈爱好者,Dancer,13800000054
user0055,password0055,瑜伽练习者,Yogi,13800000055
user0056,password0056,宠物爱好者,PetLover,13800000056
user0057,password0057,天文爱好者,Astronomer,13800000057
user0058,password0058,环保倡导者,EcoWarrior,13800000058
user0059,password0059,书法爱好者,Calligrapher,13800000059
user0060,password0060,茶艺师,TeaMaster,13800000060
user0061,password0061,享受编程,CodeGuru,13800000061
user0062,password0062,音乐爱好者,MusicFan,13800000062
user0063,password0063,电影发烧友,CinemaBuff,13800000063
user0064,password0064,美食探索家,Foodie,13800000064
user0065,password0065,户外运动狂,OutdoorAdventurer,13800000065
user0066,password0066,摄影达人,PhotoPro,13800000066
user0067,password0067,科技追随者,TechGeek,13800000067
user0068,password0068,艺术追求者,ArtLover,13800000068
user0069,password0069,健身达人,FitnessFan,13800000069
user0070,password0070,旅行爱好者,TravelBuddy,13800000070
user0071,password0071,读书人,BookWorm,13800000071
user0072,password0072,游戏高手,Gamer,13800000072
user0073,password0073,时尚达人,Fashionista,13800000073
user0074,password0074,自然爱好者,NatureLover,13800000074
user0075,password0075,历史迷,HistoryBuff,13800000075
user0076,password0076,文学爱好者,LiteratureFan,13800000076
user0077,password0077,科学探索者,ScienceExplorer,13800000077
user0078,password0078,动漫粉丝,AnimeFan,13800000078
user0079,password0079,手工艺人,Craftsman,13800000079
user0080,password0080,园艺爱好者,Gardener,13800000080
user0081,password0081,阅读爱好者,Reader,13800000081
user0082,password0082,旅游达人,Traveler,13800000082
user0083,password0083,烹饪大师,Chef,13800000083
user0084,password0084,舞蹈爱好者,Dancer,13800000084
user0085,password0085,瑜伽练习者,Yogi,13800000085
user0086,password0086,宠物爱好者,PetLover,13800000086
user0087,password0087,天文爱好者,Astronomer,13800000087
user0088,password0088,环保倡导者,EcoWarrior,13800000088
user0089,password0089,书法爱好者,Calligrapher,13800000089
user0090,password0090,茶艺师,TeaMaster,13800000090
user0091,password0091,享受编程,CodeGuru,13800000091
user0092,password0092,音乐爱好者,MusicFan,13800000092
user0093,password0093,电影发烧友,CinemaBuff,13800000093
user0094,password0094,美食探索家,Foodie,13800000094
user0095,password0095,户外运动狂,OutdoorAdventurer,13800000095
user0096,password0096,摄影达人,PhotoPro,13800000096
user0097,password0097,科技追随者,TechGeek,13800000097
user0098,password0098,艺术追求者,ArtLover,13800000098
user0099,password0099,健身达人,FitnessFan,13800000099
user0100,password0100,旅行爱好者,TravelBuddy,13800000100
user0101,password0101,读书人,BookWorm,13800000101
user0102,password0102,游戏高手,Gamer,13800000102
user0103,password0103,时尚达人,Fashionista,13800000103
user0104,password0104,自然爱好者,NatureLover,13800000104
user0105,password0105,历史迷,HistoryBuff,13800000105
user0106,password0106,文学爱好者,LiteratureFan,13800000106
user0107,password0107,科学探索者,ScienceExplorer,13800000107
user0108,password0108,动漫粉丝,AnimeFan,13800000108
user0109,password0109,手工艺人,Craftsman,13800000109
user0110,password0110,园艺爱好者,Gardener,13800000110
user0111,password0111,阅读爱好者,Reader,13800000111
user0112,password0112,旅游达人,Traveler,13800000112
user0113,password0113,烹饪大师,Chef,13800000113
user0114,password0114,舞蹈爱好者,Dancer,13800000114
user0115,password0115,瑜伽练习者,Yogi,13800000115
user0116,password0116,宠物爱好者,PetLover,13800000116
user0117,password0117,天文爱好者,Astronomer,13800000117
user0118,password0118,环保倡导者,EcoWarrior,13800000118
user0119,password0119,书法爱好者,Calligrapher,13800000119
user0120,password0120,茶艺师,TeaMaster,13800000120
user0121,password0121,享受编程,CodeGuru,13800000121
user0122,password0122,音乐爱好者,MusicFan,13800000122
user0123,password0123,电影发烧友,CinemaBuff,13800000123
user0124,password0124,美食探索家,Foodie,13800000124
user0125,password0125,户外运动狂,OutdoorAdventurer,13800000125
user0126,password0126,摄影达人,PhotoPro,13800000126
user0127,password0127,科技追随者,TechGeek,13800000127
user0128,password0128,艺术追求者,ArtLover,13800000128
user0129,password0129,健身达人,FitnessFan,13800000129
user0130,password0130,旅行爱好者,TravelBuddy,13800000130